hostname,created_at
ESXI-Dell-QQA-AAA-OSA-A-NY01-01,2025-06-01 12:00:00
ESXI-Dell-QQA-AAA-OSA-A-NY01-02,2025-06-01 12:00:00
ESXI-Dell-QQA-AAA-OSA-B-NY01-01,2025-06-01 12:00:00
ESXI-HP-QQB-BBB-ESA-C-SF01-01,2025-06-01 12:00:00
ESXI-HP-QQB-BBB-ESA-C-SF01-02,2025-06-01 12:00:00
ESXI-DMZ-QQC-BBB-OSA-B-DL01-01,2025-06-03 11:59:37
ESXI-HP-QQA-BBB-MI01-01,2025-06-03 12:00:00
ESXI-DMZ---MI01-01,2025-06-03 12:00:20
ESXI-DMZ---MI01-02,2025-06-03 12:00:20
ESXI-DMZ---MI01-03,2025-06-03 12:00:20
ESXI-DMZ---MI01-04,2025-06-03 12:00:20
ESXI-DMZ---MI01-05,2025-06-03 12:00:20
ESXI-DMZ---MI01-06,2025-06-03 12:00:20
ESXI-HP-QQA-BBB-OSA-B-MI01-01,2025-06-03 12:13:01
ESXI-HP-QQB-BBB-CH01-01,2025-06-03 12:13:36
ESXI-HP-QQB-BBB-CH01-02,2025-06-03 12:13:36
ESXI-HP-QQB-BBB-CH01-03,2025-06-03 12:13:36
ESXI-HP-QQB-BBB-CH01-04,2025-06-03 12:13:36
ESXI-DMZ---SF01-01,2025-06-03 13:07:04
ESXI-HP-QQB-CCC-DL01-01,2025-06-03 13:09:33
l-vdl01dqqcccc0001,2025-06-03 15:14:12
